NT,Type,M,N,K,Dense_Cycles,Dense_Status,Sparse_Cycles,Sparse_Status,Speedup
2,fp16,8,8,32,18295,PASSED,16087,PASSED,1.14x
2,fp16,16,16,32,34039,PASSED,30355,PASSED,1.12x
2,fp16,16,16,64,46234,PASSED,42400,PASSED,1.09x
2,fp16,32,32,64,138343,PASSED,132724,PASSED,1.04x
2,fp16,32,32,128,238750,FAILED,231967,PASSED,1.03x
2,fp16,32,32,256,465340,FAILED,450115,FAILED,1.03x
2,fp16,32,32,512,980800,FAILED,896893,FAILED,1.09x
2,fp16,32,32,1024,1892227,FAILED,1828195,FAILED,1.04x
2,fp16,32,32,2048,4367116,FAILED,3581929,FAILED,1.22x
2,fp16,32,32,4096,9313609,FAILED,7604749,FAILED,1.22x
2,fp16,64,64,64,508843,FAILED,496267,PASSED,1.03x
2,fp16,64,64,256,2028718,FAILED,1890769,FAILED,1.07x
2,fp16,64,64,512,4151848,FAILED,3872002,FAILED,1.07x
2,fp16,64,64,1024,8729386,FAILED,7570474,FAILED,1.15x
2,fp16,64,64,2048,18894319,FAILED,15045757,FAILED,1.26x
2,fp16,64,64,4096,38641981,FAILED,36846100,FAILED,1.05x
2,fp16,128,128,512,17936026,FAILED,18196522,FAILED,0.99x
2,fp16,128,128,1024,36085564,FAILED,36242710,FAILED,1.00x
2,fp16,128,128,2048,77364178,FAILED,73183606,FAILED,1.06x
2,fp16,128,128,4096,N/A,FAILED,N/A,FAILED,N/A
2,int8,8,8,32,18091,PASSED,15952,PASSED,1.13x
2,int8,16,16,32,35359,PASSED,27661,PASSED,1.28x
2,int8,16,16,64,41971,PASSED,37177,PASSED,1.13x
2,int8,32,32,64,131638,PASSED,115330,PASSED,1.14x
2,int8,32,32,128,204055,PASSED,192049,PASSED,1.06x
2,int8,32,32,256,359347,PASSED,352519,PASSED,1.02x
2,int8,32,32,512,705433,PASSED,691012,PASSED,1.02x
2,int8,32,32,1024,1394614,PASSED,1390198,PASSED,1.00x
2,int8,32,32,2048,2879929,PASSED,2767573,PASSED,1.04x
2,int8,32,32,4096,6314983,PASSED,5486905,PASSED,1.15x
2,int8,64,64,64,472948,PASSED,423166,PASSED,1.12x
2,int8,64,64,256,1543213,PASSED,1449568,PASSED,1.06x
2,int8,64,64,512,3270595,PASSED,3040699,PASSED,1.08x
2,int8,64,64,1024,6354004,PASSED,5953060,PASSED,1.07x
2,int8,64,64,2048,12276205,PASSED,11755390,PASSED,1.04x
2,int8,64,64,4096,25888570,PASSED,23360587,PASSED,1.11x
2,int8,128,128,512,13031524,PASSED,12174754,PASSED,1.07x
2,int8,128,128,1024,30010729,PASSED,23948347,PASSED,1.25x
2,int8,128,128,2048,60240745,PASSED,47438887,PASSED,1.27x
2,int8,128,128,4096,121293259,PASSED,94305439,PASSED,1.29x
2,int4,8,8,32,14269,PASSED,13714,PASSED,1.04x
2,int4,16,16,32,20428,PASSED,19567,PASSED,1.04x
2,int4,16,16,64,24385,PASSED,22942,PASSED,1.06x
2,int4,32,32,64,61546,PASSED,53416,PASSED,1.15x
2,int4,32,32,128,97246,PASSED,84037,PASSED,1.16x
2,int4,32,32,256,170041,PASSED,140995,PASSED,1.21x
2,int4,32,32,512,345301,PASSED,272710,PASSED,1.27x
2,int4,32,32,1024,681439,PASSED,544639,PASSED,1.25x
2,int4,32,32,2048,1406095,PASSED,1217527,PASSED,1.15x
2,int4,32,32,4096,4434121,PASSED,3039754,PASSED,1.46x
2,int4,64,64,64,207841,PASSED,172303,PASSED,1.21x
2,int4,64,64,256,690565,PASSED,549217,PASSED,1.26x
2,int4,64,64,512,1367497,PASSED,1102735,PASSED,1.24x
2,int4,64,64,1024,2746672,PASSED,2172424,PASSED,1.26x
2,int4,64,64,2048,5787226,PASSED,4605439,PASSED,1.26x
2,int4,64,64,4096,17953348,PASSED,11590741,PASSED,1.55x
2,int4,128,128,512,5602735,PASSED,4440694,PASSED,1.26x
2,int4,128,128,1024,11214787,PASSED,8685904,PASSED,1.29x
2,int4,128,128,2048,23765908,PASSED,18001858,PASSED,1.32x
2,int4,128,128,4096,72949555,PASSED,46976050,PASSED,1.55x
4,fp16,8,8,32,16657,PASSED,16879,PASSED,0.99x
4,fp16,16,16,32,25804,PASSED,26590,PASSED,0.97x
4,fp16,16,16,64,30880,PASSED,33415,PASSED,0.92x
4,fp16,32,32,64,71146,FAILED,85822,PASSED,0.83x
4,fp16,32,32,128,109438,FAILED,146722,PASSED,0.75x
4,fp16,32,32,256,211456,FAILED,277213,FAILED,0.76x
4,fp16,32,32,512,410845,FAILED,521797,FAILED,0.79x
4,fp16,32,32,1024,810217,FAILED,1045111,FAILED,0.78x
4,fp16,32,32,2048,2063908,FAILED,2051077,FAILED,1.01x
4,fp16,32,32,4096,3901873,FAILED,4515088,FAILED,0.86x
4,fp16,64,64,64,226258,FAILED,290452,PASSED,0.78x
4,fp16,64,64,256,782074,FAILED,1076302,FAILED,0.73x
4,fp16,64,64,512,1584301,FAILED,2123149,FAILED,0.75x
4,fp16,64,64,1024,3264514,FAILED,3942154,FAILED,0.83x
4,fp16,64,64,2048,7937935,FAILED,8245843,FAILED,0.96x
4,fp16,64,64,4096,17607757,FAILED,17782678,FAILED,0.99x
4,fp16,128,128,512,6457165,FAILED,8388463,FAILED,0.77x
4,fp16,128,128,1024,14739031,FAILED,16786663,FAILED,0.88x
4,fp16,128,128,2048,34482817,FAILED,33027505,FAILED,1.04x
4,fp16,128,128,4096,76607449,FAILED,73461325,FAILED,1.04x
4,int8,8,8,32,16138,PASSED,15874,PASSED,1.02x
4,int8,16,16,32,24328,PASSED,24385,PASSED,1.00x
4,int8,16,16,64,27328,PASSED,28663,PASSED,0.95x
4,int8,32,32,64,61186,PASSED,68662,PASSED,0.89x
4,int8,32,32,128,89926,PASSED,104266,PASSED,0.86x
4,int8,32,32,256,145876,PASSED,180619,PASSED,0.81x
4,int8,32,32,512,277120,PASSED,336664,PASSED,0.82x
4,int8,32,32,1024,514636,PASSED,651943,PASSED,0.79x
4,int8,32,32,2048,1130065,PASSED,1288411,PASSED,0.88x
4,int8,32,32,4096,2509291,PASSED,2550721,PASSED,0.98x
4,int8,64,64,64,188761,PASSED,223063,PASSED,0.85x
4,int8,64,64,256,610525,PASSED,709705,PASSED,0.86x
4,int8,64,64,512,1298695,PASSED,1428379,PASSED,0.91x
4,int8,64,64,1024,2501500,PASSED,2696272,PASSED,0.93x
4,int8,64,64,2048,5022130,PASSED,5463418,PASSED,0.92x
4,int8,64,64,4096,11199820,PASSED,11252977,PASSED,1.00x
4,int8,128,128,512,4977829,PASSED,5690065,PASSED,0.87x
4,int8,128,128,1024,9519463,PASSED,11116546,PASSED,0.86x
4,int8,128,128,2048,21007780,PASSED,21855373,PASSED,0.96x
4,int8,128,128,4096,44881693,PASSED,44825842,PASSED,1.00x
4,int4,8,8,32,14827,PASSED,14965,PASSED,0.99x
4,int4,16,16,32,20311,PASSED,20179,PASSED,1.01x
4,int4,16,16,64,22105,PASSED,22852,PASSED,0.97x
4,int4,32,32,64,38317,PASSED,45754,PASSED,0.84x
4,int4,32,32,128,51670,PASSED,67945,PASSED,0.76x
4,int4,32,32,256,82084,PASSED,116935,PASSED,0.70x
4,int4,32,32,512,151909,PASSED,218254,PASSED,0.70x
4,int4,32,32,1024,301537,PASSED,428083,PASSED,0.70x
4,int4,32,32,2048,973390,PASSED,950605,PASSED,1.02x
4,int4,32,32,4096,2081869,PASSED,1888645,PASSED,1.10x
4,int4,64,64,64,97408,PASSED,127987,PASSED,0.76x
4,int4,64,64,256,297130,PASSED,428974,PASSED,0.69x
4,int4,64,64,512,563209,PASSED,834652,PASSED,0.67x
4,int4,64,64,1024,1195228,PASSED,1662544,PASSED,0.72x
4,int4,64,64,2048,4199065,PASSED,3632512,PASSED,1.16x
4,int4,64,64,4096,8287756,PASSED,7358539,PASSED,1.13x
4,int4,128,128,512,2258707,PASSED,3307507,PASSED,0.68x
4,int4,128,128,1024,4895665,PASSED,6592756,PASSED,0.74x
4,int4,128,128,2048,17709931,PASSED,14304361,PASSED,1.24x
4,int4,128,128,4096,33337888,PASSED,28607761,PASSED,1.17x
8,fp16,8,8,32,21724,PASSED,21616,PASSED,1.00x
8,fp16,16,16,32,37216,PASSED,36805,PASSED,1.01x
8,fp16,16,16,64,39760,PASSED,37453,PASSED,1.06x
8,fp16,32,32,64,68608,FAILED,65206,PASSED,1.05x
8,fp16,32,32,128,86875,FAILED,79213,PASSED,1.10x
8,fp16,32,32,256,135187,FAILED,112786,FAILED,1.20x
8,fp16,32,32,512,212911,FAILED,178927,FAILED,1.19x
8,fp16,32,32,1024,387343,FAILED,305332,FAILED,1.27x
8,fp16,32,32,2048,777718,FAILED,590776,FAILED,1.32x
8,fp16,32,32,4096,1604410,FAILED,1292731,FAILED,1.24x
8,fp16,64,64,64,181672,FAILED,172054,PASSED,1.06x
8,fp16,64,64,256,418540,FAILED,376492,FAILED,1.11x
8,fp16,64,64,512,736249,FAILED,636226,FAILED,1.16x
8,fp16,64,64,1024,1486486,FAILED,1146115,FAILED,1.30x
8,fp16,64,64,2048,3118105,FAILED,2297389,FAILED,1.36x
8,fp16,64,64,4096,6942619,FAILED,5283148,FAILED,1.31x
8,fp16,128,128,512,3330673,FAILED,2699587,FAILED,1.23x
8,fp16,128,128,1024,6557542,FAILED,4984948,FAILED,1.32x
8,fp16,128,128,2048,14267500,FAILED,10118251,FAILED,1.41x
8,fp16,128,128,4096,29683210,FAILED,22598476,FAILED,1.31x
8,int8,8,8,32,21655,PASSED,21445,PASSED,1.01x
8,int8,16,16,32,38092,PASSED,34920,PASSED,1.09x
8,int8,16,16,64,39682,PASSED,35850,PASSED,1.11x
8,int8,32,32,64,66718,PASSED,57850,PASSED,1.15x
8,int8,32,32,128,79153,PASSED,68740,PASSED,1.15x
8,int8,32,32,256,104203,PASSED,91891,PASSED,1.13x
8,int8,32,32,512,158113,PASSED,145333,PASSED,1.09x
8,int8,32,32,1024,259678,PASSED,248535,PASSED,1.04x
8,int8,32,32,2048,506923,PASSED,450136,PASSED,1.13x
8,int8,32,32,4096,968314,PASSED,873496,PASSED,1.11x
8,int8,64,64,64,170125,PASSED,144946,PASSED,1.17x
8,int8,64,64,256,359815,PASSED,306349,PASSED,1.17x
8,int8,64,64,512,604924,PASSED,534775,PASSED,1.13x
8,int8,64,64,1024,1205698,PASSED,959653,PASSED,1.26x
8,int8,64,64,2048,2293570,PASSED,1804282,PASSED,1.27x
8,int8,64,64,4096,4501666,PASSED,3650065,PASSED,1.23x
8,int8,128,128,512,2641504,PASSED,2049661,PASSED,1.29x
8,int8,128,128,1024,4222198,PASSED,3765325,PASSED,1.12x
8,int8,128,128,2048,9021007,PASSED,7186516,PASSED,1.26x
8,int8,128,128,4096,17583004,PASSED,14446582,PASSED,1.22x
8,int4,16,16,64,33430,PASSED,33868,PASSED,0.99x
8,int4,32,32,64,48736,PASSED,48469,PASSED,1.01x
8,int4,32,32,128,53092,PASSED,52117,PASSED,1.02x
8,int4,32,32,256,63607,PASSED,62305,PASSED,1.02x
8,int4,32,32,512,98182,PASSED,87877,PASSED,1.12x
8,int4,32,32,1024,172744,PASSED,149674,PASSED,1.15x
8,int4,32,32,2048,340072,PASSED,259090,PASSED,1.31x
8,int4,32,32,4096,771742,PASSED,628681,PASSED,1.23x
8,int4,64,64,64,104299,PASSED,108751,PASSED,0.96x
8,int4,64,64,256,193099,PASSED,174682,PASSED,1.11x
8,int4,64,64,512,313846,PASSED,279781,PASSED,1.12x
8,int4,64,64,1024,584476,PASSED,490237,PASSED,1.19x
8,int4,64,64,2048,1324096,PASSED,1016437,PASSED,1.30x
8,int4,64,64,4096,3035059,PASSED,2409403,PASSED,1.26x
8,int4,128,128,512,1232446,PASSED,1049035,PASSED,1.17x
8,int4,128,128,1024,2388823,PASSED,1884673,PASSED,1.27x
8,int4,128,128,2048,5313541,PASSED,3841366,PASSED,1.38x
8,int4,128,128,4096,12247558,PASSED,9855037,PASSED,1.24x
16,fp16,16,16,32,35470,PASSED,33688,PASSED,1.05x
16,fp16,16,16,64,36946,PASSED,35461,PASSED,1.04x
16,fp16,32,32,64,64419,PASSED,59773,PASSED,1.08x
16,fp16,32,32,128,71791,FAILED,69319,PASSED,1.04x
16,fp16,32,32,256,89221,FAILED,90994,FAILED,0.98x
16,fp16,32,32,512,125698,FAILED,132514,FAILED,0.95x
16,fp16,32,32,1024,215121,FAILED,212545,FAILED,1.01x
16,fp16,32,32,2048,417375,FAILED,421966,FAILED,0.99x
16,fp16,32,32,4096,834945,FAILED,831739,FAILED,1.00x
16,fp16,64,64,64,126637,PASSED,116668,PASSED,1.09x
16,fp16,64,64,256,232852,FAILED,243421,FAILED,0.96x
16,fp16,64,64,512,378460,FAILED,402562,FAILED,0.94x
16,fp16,64,64,1024,796906,FAILED,720766,FAILED,1.11x
16,fp16,64,64,2048,1496308,FAILED,1568395,FAILED,0.95x
16,fp16,64,64,4096,3379369,FAILED,3127174,FAILED,1.08x
16,fp16,128,128,512,1323244,FAILED,1481908,FAILED,0.89x
16,fp16,128,128,1024,3118192,FAILED,2764672,FAILED,1.13x
16,fp16,128,128,2048,6038116,FAILED,6106282,FAILED,0.99x
16,fp16,128,128,4096,13044106,FAILED,12410413,FAILED,1.05x
16,int8,16,16,32,36636,PASSED,34252,PASSED,1.07x
16,int8,16,16,64,37554,PASSED,35359,PASSED,1.06x
16,int8,32,32,64,62226,PASSED,58450,PASSED,1.06x
16,int8,32,32,128,66145,PASSED,66055,PASSED,1.00x
16,int8,32,32,256,75859,PASSED,79771,PASSED,0.95x
16,int8,32,32,512,96112,PASSED,106107,PASSED,0.91x
16,int8,32,32,1024,140506,PASSED,158898,PASSED,0.88x
16,int8,32,32,2048,270399,PASSED,275647,PASSED,0.98x
16,int8,32,32,4096,477990,PASSED,536487,PASSED,0.89x
16,int8,64,64,64,122764,PASSED,108727,PASSED,1.13x
16,int8,64,64,256,203743,PASSED,204070,PASSED,1.00x
16,int8,64,64,512,304831,PASSED,322225,PASSED,0.95x
16,int8,64,64,1024,548236,PASSED,533137,PASSED,1.03x
16,int8,64,64,2048,1045048,PASSED,1067899,PASSED,0.98x
16,int8,64,64,4096,1975576,PASSED,2206807,PASSED,0.90x
16,int8,128,128,512,1022677,PASSED,1174939,PASSED,0.87x
16,int8,128,128,1024,1953274,PASSED,2047444,PASSED,0.95x
16,int8,128,128,2048,4196239,PASSED,4039012,PASSED,1.04x
16,int8,128,128,4096,7807426,PASSED,8591899,PASSED,0.91x
16,int4,16,16,64,32923,PASSED,32815,PASSED,1.00x
16,int4,32,32,64,45445,PASSED,45382,PASSED,1.00x
16,int4,32,32,128,47311,PASSED,48457,PASSED,0.98x
16,int4,32,32,256,52009,PASSED,54706,PASSED,0.95x
16,int4,32,32,512,74761,PASSED,73249,PASSED,1.02x
16,int4,32,32,1024,118312,PASSED,110545,PASSED,1.07x
16,int4,32,32,2048,214228,PASSED,178111,PASSED,1.20x
16,int4,32,32,4096,429082,PASSED,361921,PASSED,1.19x
16,int4,64,64,64,64321,PASSED,65656,PASSED,0.98x
16,int4,64,64,256,102376,PASSED,116437,PASSED,0.88x
16,int4,64,64,512,192196,PASSED,185752,PASSED,1.03x
16,int4,64,64,1024,367138,PASSED,333397,PASSED,1.10x
16,int4,64,64,2048,779281,PASSED,623905,PASSED,1.25x
16,int4,64,64,4096,1555105,PASSED,1328110,PASSED,1.17x
16,int4,128,128,512,662665,PASSED,656314,PASSED,1.01x
16,int4,128,128,1024,1402705,PASSED,1273603,PASSED,1.10x
16,int4,128,128,2048,3068827,PASSED,2197678,PASSED,1.40x
16,int4,128,128,4096,6109246,PASSED,5233447,PASSED,1.17x
32,fp16,16,16,32,51948,PASSED,51238,PASSED,1.01x
32,fp16,16,16,64,53119,PASSED,52242,PASSED,1.02x
32,fp16,32,32,64,107566,PASSED,104566,PASSED,1.03x
32,fp16,32,32,128,112612,FAILED,108637,PASSED,1.04x
32,fp16,32,32,256,120985,FAILED,117178,FAILED,1.03x
32,fp16,32,32,512,135412,FAILED,137122,FAILED,0.99x
32,fp16,32,32,1024,171583,FAILED,172182,FAILED,1.00x
32,fp16,32,32,2048,269614,FAILED,260701,FAILED,1.03x
32,fp16,32,32,4096,452860,FAILED,421341,FAILED,1.07x
32,fp16,64,64,64,209338,PASSED,201052,PASSED,1.04x
32,fp16,64,64,256,267388,FAILED,257499,FAILED,1.04x
32,fp16,64,64,512,333532,FAILED,332049,FAILED,1.00x
32,fp16,64,64,1024,493921,FAILED,502647,FAILED,0.98x
32,fp16,64,64,2048,887518,FAILED,877636,FAILED,1.01x
32,fp16,64,64,4096,1716550,FAILED,1588221,FAILED,1.08x
32,fp16,128,128,512,1085815,FAILED,1111051,FAILED,0.98x
32,fp16,128,128,1024,1765444,FAILED,1748589,FAILED,1.01x
32,fp16,128,128,2048,3350893,FAILED,3215001,FAILED,1.04x
32,fp16,128,128,4096,6769738,FAILED,6207426,FAILED,1.09x
32,int8,16,16,64,51379,PASSED,49909,PASSED,1.03x
32,int8,32,32,64,106879,PASSED,95302,PASSED,1.12x
32,int8,32,32,128,109966,PASSED,99286,PASSED,1.11x
32,int8,32,32,256,114085,PASSED,107299,PASSED,1.06x
32,int8,32,32,512,125394,PASSED,122623,PASSED,1.02x
32,int8,32,32,1024,145512,PASSED,154639,PASSED,0.94x
32,int8,32,32,2048,195984,PASSED,216799,PASSED,0.90x
32,int8,32,32,4096,315123,PASSED,359326,PASSED,0.88x
32,int8,64,64,64,211084,PASSED,171562,PASSED,1.23x
32,int8,64,64,256,250695,PASSED,221296,PASSED,1.13x
32,int8,64,64,512,299953,PASSED,282772,PASSED,1.06x
32,int8,64,64,1024,395062,PASSED,409312,PASSED,0.97x
32,int8,64,64,2048,609877,PASSED,673987,PASSED,0.90x
32,int8,64,64,4096,1148143,PASSED,1256719,PASSED,0.91x
32,int8,128,128,512,955993,PASSED,904996,PASSED,1.06x
32,int8,128,128,1024,1356112,PASSED,1419940,PASSED,0.96x
32,int8,128,128,2048,2219586,PASSED,2474461,PASSED,0.90x
32,int8,128,128,4096,4360774,PASSED,4842118,PASSED,0.90x
32,int4,32,32,128,91690,PASSED,91506,PASSED,1.00x
32,int4,32,32,256,95296,PASSED,94074,PASSED,1.01x
32,int4,32,32,512,101554,PASSED,99520,PASSED,1.02x
32,int4,32,32,1024,115102,PASSED,112458,PASSED,1.02x
32,int4,32,32,2048,165189,PASSED,142995,PASSED,1.16x
32,int4,32,32,4096,282618,PASSED,224376,PASSED,1.26x
32,int4,64,64,256,168918,PASSED,164265,PASSED,1.03x
32,int4,64,64,512,200895,PASSED,186789,PASSED,1.08x
32,int4,64,64,1024,249481,PASSED,230773,PASSED,1.08x
32,int4,64,64,2048,452682,PASSED,340917,PASSED,1.33x
32,int4,64,64,4096,919233,PASSED,671257,PASSED,1.37x
32,int4,128,128,512,596100,PASSED,531798,PASSED,1.12x
32,int4,128,128,1024,787791,PASSED,712650,PASSED,1.11x
32,int4,128,128,2048,1586967,PASSED,1189077,PASSED,1.33x
32,int4,128,128,4096,3465060,PASSED,2526339,PASSED,1.37x
64,fp16,32,32,64,148930,PASSED,129448,PASSED,1.15x
64,fp16,32,32,128,153243,FAILED,133267,PASSED,1.15x
64,fp16,32,32,256,160932,FAILED,140941,FAILED,1.14x
64,fp16,32,32,512,179757,FAILED,157039,FAILED,1.14x
64,fp16,32,32,1024,211326,FAILED,189622,FAILED,1.11x
64,fp16,32,32,2048,276771,FAILED,256393,FAILED,1.08x
64,fp16,32,32,4096,431013,FAILED,393205,FAILED,1.10x
64,fp16,64,64,64,290982,PASSED,214213,PASSED,1.36x
64,fp16,64,64,256,337320,FAILED,253489,FAILED,1.33x
64,fp16,64,64,512,N/A,FAILED,N/A,FAILED,N/A
64,fp16,64,64,1024,N/A,FAILED,N/A,FAILED,N/A
64,fp16,64,64,2048,N/A,FAILED,N/A,FAILED,N/A
64,fp16,64,64,4096,N/A,FAILED,N/A,FAILED,N/A
64,fp16,128,128,512,N/A,FAILED,769642,FAILED,N/A
64,fp16,128,128,1024,N/A,FAILED,N/A,FAILED,N/A
64,fp16,128,128,2048,N/A,FAILED,N/A,FAILED,N/A
64,fp16,128,128,4096,N/A,FAILED,N/A,FAILED,N/A
64,int8,32,32,64,144184,PASSED,129207,PASSED,1.12x
64,int8,32,32,128,147148,PASSED,132504,PASSED,1.11x
64,int8,32,32,256,154360,PASSED,138804,PASSED,1.11x
64,int8,32,32,512,166714,PASSED,151509,PASSED,1.10x
64,int8,32,32,1024,194758,PASSED,178626,PASSED,1.09x
64,int8,32,32,2048,245338,PASSED,230529,PASSED,1.06x
64,int8,32,32,4096,346726,PASSED,334251,PASSED,1.04x
64,int8,64,64,64,276622,PASSED,222858,PASSED,1.24x
64,int8,64,64,256,310273,PASSED,255630,PASSED,1.21x
64,int8,64,64,512,359878,PASSED,299952,PASSED,1.20x
64,int8,64,64,1024,453523,PASSED,393819,PASSED,1.15x
64,int8,64,64,2048,644542,PASSED,580233,PASSED,1.11x
64,int8,64,64,4096,N/A,FAILED,N/A,FAILED,N/A
64,int8,128,128,512,N/A,FAILED,747714,PASSED,N/A
64,int8,128,128,1024,N/A,FAILED,N/A,FAILED,N/A
64,int8,128,128,2048,N/A,FAILED,N/A,FAILED,N/A
64,int8,128,128,4096,N/A,FAILED,N/A,FAILED,N/A
64,int4,32,32,128,128406,PASSED,119310,PASSED,1.08x
64,int4,32,32,256,131356,PASSED,121312,PASSED,1.08x
64,int4,32,32,512,137779,PASSED,125683,PASSED,1.10x
64,int4,32,32,1024,145174,PASSED,134257,PASSED,1.08x
64,int4,32,32,2048,161227,PASSED,151900,PASSED,1.06x
64,int4,32,32,4096,206308,PASSED,194236,PASSED,1.06x
64,int4,64,64,256,217714,PASSED,180826,PASSED,1.20x
64,int4,64,64,512,240586,PASSED,192610,PASSED,1.25x
64,int4,64,64,1024,271387,PASSED,215620,PASSED,1.26x
64,int4,64,64,2048,347332,PASSED,278338,PASSED,1.25x
64,int4,64,64,4096,514233,PASSED,418924,PASSED,1.23x
64,int4,128,128,512,520840,PASSED,328098,PASSED,1.59x
64,int4,128,128,1024,637231,PASSED,438334,PASSED,1.45x
64,int4,128,128,2048,N/A,FAILED,700714,PASSED,N/A
64,int4,128,128,4096,N/A,FAILED,N/A,FAILED,N/A
